pr,issue,autor,base,abierto,mergeado,horas,archivos,agregadas,borradas,corridas_ci,fallas_ci,tokens,minutos_sesion,bitacora
34,,SantiagoBriz,dev,2026-08-15T01:00:43Z,2026-08-15T01:11:07Z,0.2,75,6281,275,1,0,,,
35,,SantiagoBriz,dev,2026-08-15T03:45:32Z,2026-08-15T03:59:12Z,0.2,20,2368,5,1,0,,,
36,,SantiagoBriz,staging,2026-08-15T04:05:26Z,2026-08-15T04:42:44Z,0.6,20,2368,5,0,0,,,
37,,SantiagoBriz,dev,2026-08-15T04:38:57Z,2026-08-15T04:43:48Z,0.1,3,13,3,1,0,,,
38,,SantiagoBriz,dev,2026-08-15T14:57:16Z,2026-08-15T15:03:17Z,0.1,1,213,0,1,0,,,
39,,giuliannadr,dev,2026-08-15T14:58:53Z,2026-08-16T16:57:11Z,26.0,2,29,12,1,0,,,
40,,SantiagoBriz,dev,2026-08-15T15:19:06Z,2026-08-15T15:24:00Z,0.1,1,2,2,1,0,,,
41,,giuliannadr,staging,2026-08-16T16:58:00Z,2026-08-16T16:59:25Z,0.0,7,257,17,0,0,,,
42,,giuliannadr,dev,2026-08-17T18:51:58Z,2026-08-17T19:16:18Z,0.4,2,745,69,1,0,,,
43,,giuliannadr,staging,2026-08-17T19:17:14Z,2026-08-17T19:20:49Z,0.1,2,745,69,0,0,,,
46,,giuliannadr,dev,2026-08-18T23:00:04Z,2026-08-18T23:04:22Z,0.1,1,3,4,1,0,,,
48,,giuliannadr,dev,2026-08-18T23:44:41Z,2026-08-18T23:48:25Z,0.1,2,170,3,1,0,,,
49,,SantiagoBriz,dev,2026-08-19T03:01:01Z,2026-08-20T16:26:16Z,37.4,1,55,0,1,0,,,
50,,giuliannadr,staging,2026-08-19T13:55:52Z,2026-08-19T13:57:38Z,0.0,2,173,7,0,0,,,
53,51,giuliannadr,dev,2026-08-21T15:06:16Z,2026-08-21T16:34:07Z,1.5,5,126,5,1,0,,,
54,,giuliannadr,staging,2026-08-21T16:43:08Z,2026-08-21T17:15:00Z,0.5,6,181,5,0,0,,,
55,52,giuliannadr,dev,2026-08-21T18:02:10Z,2026-08-21T18:09:02Z,0.1,15,216,121,1,0,,,
56,,giuliannadr,staging,2026-08-21T18:09:52Z,2026-08-21T18:11:37Z,0.0,15,216,121,0,0,,,
60,,SantiagoBriz,dev,2026-08-22T00:17:41Z,2026-08-22T05:47:01Z,5.5,1,51,0,1,0,,,
61,,SantiagoBriz,dev,2026-08-22T05:39:42Z,2026-08-22T16:15:34Z,10.6,3,72,3,2,0,,,
62,,SantiagoBriz,dev,2026-08-22T19:25:06Z,2026-08-22T21:58:59Z,2.6,4,278,0,1,0,,,
63,,SantiagoBriz,dev,2026-08-22T21:25:55Z,2026-08-22T21:59:21Z,0.6,2,33,54,2,0,,,
64,,SantiagoBriz,dev,2026-08-25T21:18:18Z,2026-08-26T01:17:27Z,4.0,2,15,2,1,0,,,
65,,giuliannadr,staging,2026-08-26T22:38:18Z,2026-08-26T23:14:36Z,0.6,22,646,133,0,0,,,
66,,giuliannadr,dev,2026-08-26T22:50:43Z,2026-08-26T23:10:00Z,0.3,2,28,0,1,0,,,
67,,SantiagoBriz,dev,2026-08-30T16:21:32Z,2026-08-30T19:02:44Z,2.7,8,331,1,14,0,,,
69,,SantiagoBriz,dev,2026-08-30T17:14:27Z,2026-08-30T18:05:59Z,0.9,1,153,0,4,0,,,
70,,SantiagoBriz,dev,2026-08-30T17:40:50Z,2026-08-30T18:42:35Z,1.0,2,100,0,8,0,,,
71,,SantiagoBriz,dev,2026-08-30T18:11:46Z,2026-08-30T18:17:00Z,0.1,8,40,2,4,0,,,
72,,SantiagoBriz,dev,2026-08-30T18:22:13Z,2026-08-30T18:23:41Z,0.0,1,53,44,2,0,,,
73,,SantiagoBriz,dev,2026-08-30T20:11:38Z,2026-08-30T20:18:54Z,0.1,2,57,4,2,0,,,
74,,SantiagoBriz,dev,2026-08-30T22:17:15Z,2026-08-31T06:00:30Z,7.7,1,143,0,14,1,,,
75,,SantiagoBriz,dev,2026-08-30T22:42:47Z,2026-08-31T05:00:34Z,6.3,2,19,3,5,0,,,
76,,SantiagoBriz,dev,2026-08-31T03:02:00Z,2026-08-31T03:06:40Z,0.1,1,18,11,2,0,,,
77,,SantiagoBriz,dev,2026-08-31T03:14:24Z,2026-08-31T04:00:18Z,0.8,3,111,15,3,0,,,
80,68,g-lautiialtamiranda,dev,2026-08-31T19:21:06Z,2026-08-31T21:59:12Z,2.6,3,173,1,11,0,,35,docs/sesiones/2026-08-31-68-fixture-sesion-e2e.md
81,,SantiagoBriz,dev,2026-08-31T21:42:41Z,2026-09-01T01:02:39Z,3.3,3,34,22,11,0,,,
83,82,g-lautiialtamiranda,dev,2026-09-01T14:17:45Z,2026-09-01T15:49:36Z,1.5,4,129,0,14,0,,,docs/sesiones/2026-09-01-82-requests-e2e-sin-fixture.md
84,,SantiagoBriz,dev,2026-09-01T15:29:26Z,2026-09-01T15:35:28Z,0.1,2,5,5,5,0,,,
85,,SantiagoBriz,dev,2026-09-01T15:54:48Z,2026-09-01T16:27:04Z,0.5,1,4,2,4,0,,,
86,,SantiagoBriz,dev,2026-09-01T16:29:49Z,2026-09-01T16:40:15Z,0.2,1,9,3,5,0,,,
87,,SantiagoBriz,dev,2026-09-01T17:34:11Z,2026-09-01T17:40:51Z,0.1,3,0,134,4,0,,,
88,,SantiagoBriz,dev,2026-09-01T18:39:40Z,2026-09-01T18:45:34Z,0.1,1,107,0,5,0,,,
99,,SantiagoBriz,dev,2026-09-01T19:17:51Z,2026-09-01T19:24:17Z,0.1,1,168,0,5,0,,,
100,,SantiagoBriz,dev,2026-09-01T19:38:45Z,2026-09-01T19:44:17Z,0.1,2,158,133,5,0,,,
101,,SantiagoBriz,dev,2026-09-01T19:48:31Z,2026-09-01T19:54:36Z,0.1,1,20,5,5,0,,,
102,,SantiagoBriz,dev,2026-09-01T20:27:46Z,2026-09-01T20:35:11Z,0.1,1,12,0,5,0,,,
103,,SantiagoBriz,dev,2026-09-01T20:50:06Z,2026-09-01T20:57:27Z,0.1,7,91,5,5,0,,,
104,,SantiagoBriz,dev,2026-09-01T21:10:00Z,2026-09-01T21:17:50Z,0.1,1,43,14,5,0,,,
105,,SantiagoBriz,dev,2026-09-01T22:00:49Z,2026-09-01T22:40:17Z,0.7,1,61,46,5,0,,,
78,,SantiagoBriz,dev,2026-08-31T15:05:36Z,2026-09-01T23:05:24Z,32.0,2,23,1,9,0,,,
106,89,g-lautiialtamiranda,dev,2026-09-02T00:43:22Z,2026-09-02T15:52:11Z,15.1,5,307,0,11,0,,,docs/sesiones/2026-09-01-89-tablero-dueno.md
107,,SantiagoBriz,dev,2026-09-02T15:59:49Z,2026-09-02T16:10:34Z,0.2,2,62,2,5,0,,,
108,,SantiagoBriz,dev,2026-09-02T17:07:05Z,2026-09-02T17:29:56Z,0.4,1,108,9,5,0,,,
110,95,g-lautiialtamiranda,dev,2026-09-02T21:54:13Z,2026-09-02T22:35:11Z,0.7,6,643,2,10,0,,,docs/sesiones/2026-09-02-95-clasificacion-guiada.md
109,90,g-lautiialtamiranda,dev,2026-09-02T19:15:01Z,2026-09-03T02:43:41Z,7.5,5,405,45,15,0,,,docs/sesiones/2026-09-02-90-seis-numeros-tablero.md
111,,SantiagoBriz,staging,2026-09-03T02:07:03Z,2026-09-03T02:12:54Z,0.1,35,2874,156,5,0,,35,docs/sesiones/2026-08-31-68-fixture-sesion-e2e.md
112,90,SantiagoBriz,staging,2026-09-03T02:44:46Z,2026-09-03T02:48:23Z,0.1,5,405,45,5,0,,,docs/sesiones/2026-09-02-90-seis-numeros-tablero.md
113,,SantiagoBriz,dev,2026-09-03T03:31:44Z,2026-09-03T03:35:23Z,0.1,1,21,3,5,0,,,
114,,SantiagoBriz,staging,2026-09-03T03:36:00Z,2026-09-03T03:40:25Z,0.1,1,21,3,5,0,,,
79,,SantiagoBriz,dev,2026-08-31T15:05:39Z,2026-09-04T12:48:54Z,93.7,1,7,3,9,0,,,
116,115,SantiagoBriz,dev,2026-09-04T13:13:11Z,2026-09-04T13:23:46Z,0.2,1,279,122,15,2,,,
117,,SantiagoBriz,dev,2026-09-04T13:35:09Z,2026-09-04T14:18:59Z,0.7,1,136,11,9,0,,,
118,,SantiagoBriz,dev,2026-09-04T14:19:21Z,2026-09-04T14:42:48Z,0.4,1,19,0,9,0,,,
119,93,g-lautiialtamiranda,dev,2026-09-04T14:46:13Z,2026-09-04T16:41:15Z,1.9,3,189,1,12,0,,,docs/sesiones/2026-09-04-93-conversor-pesos-cajones.md
